Recipe,URL
Anzac Biscuits II,http://allrecipes.com/recipe/10733/anzac-biscuits-ii
Super Easy Scones,http://allrecipes.com/recipe/175600/super-easy-scones
Australian Federation Biscuits,http://allrecipes.com/recipe/25814/australian-federation-biscuits
Sweet Candied Orange and Lemon Peel,http://allrecipes.com/recipe/19000/sweet-candied-orange-and-lemon-peel
Roasted Rack of Lamb,http://allrecipes.com/recipe/45641/roasted-rack-of-lamb
Lamingtons,http://allrecipes.com/recipe/17201/lamingtons
Nada's Baba Cake,http://allrecipes.com/recipe/25611/nadas-baba-cake
Anzac Biscuits I,http://allrecipes.com/recipe/9816/anzac-biscuits-i
Honeycomb with Golden Syrup,http://allrecipes.com/recipe/246685/honeycomb-with-golden-syrup
ANZAC Biscuits with Almonds,http://allrecipes.com/recipe/19286/anzac-biscuits-with-almonds
Savory Sweet Potato Muffins with Bacon,http://allrecipes.com/recipe/230036/savory-sweet-potato-muffins-with-bacon
Roasted Lemon Herb Chicken,http://allrecipes.com/recipe/8709/roasted-lemon-herb-chicken
Easy New Zealand Squares,http://allrecipes.com/recipe/42099/easy-new-zealand-squares
Toaster Biscuits,http://allrecipes.com/recipe/18000/toaster-biscuits
A Drama Queen's Pavlova,http://allrecipes.com/recipe/83706/a-drama-queens-pavlova
Sticky Toffee Pudding Cake,http://allrecipes.com/recipe/8148/sticky-toffee-pudding-cake
Down Under Lemon Tart,http://allrecipes.com/recipe/53242/down-under-lemon-tart
Aussie Lime Pie,http://allrecipes.com/recipe/17346/aussie-lime-pie
Anzac Biscuits III,http://allrecipes.com/recipe/216336/anzac-biscuits-iii
Apricot Anzac Biscuits,http://allrecipes.com/recipe/246996/apricot-anzac-biscuits
Pavlova Deluxe,http://allrecipes.com/recipe/12138/pavlova-deluxe
Chocolate Pavlova,http://allrecipes.com/recipe/60928/chocolate-pavlova
Oh Hello! Here to banish your dry skin!,
Pavlova's Pavlova,http://allrecipes.com/recipe/20115/pavlovas-pavlova
The Best Pavlova,http://allrecipes.com/recipe/15532/the-best-pavlova
Harvest Salad,http://allrecipes.com/recipe/23783/harvest-salad
Anzac Biscuits,http://allrecipes.com/recipe/221417/anzac-biscuits
Australian English Trifle,http://allrecipes.com/recipe/18985/australian-english-trifle
Pavlova,http://allrecipes.com/recipe/10004/pavlova
Australian Damper,http://allrecipes.com/recipe/16726/australian-damper
Witchetty Grubs,http://allrecipes.com/recipe/216074/witchetty-grubs
Recipes for St. Patrick's Day,
Allrecipes Magazine,https://secure.allrecipesmagazine.com/order/?containerName=i71vtar01&psrc=I701TRDW398DFA&internalSource=marketcard&referringId=15040&referringContentType=recipe%20hub&clickId=cardslot%2010
Delicious Damper,http://allrecipes.com/recipe/24552/delicious-damper
Pani PoPo,http://allrecipes.com/recipe/241753/pani-popo
Rosemary Roasted Turkey,http://allrecipes.com/recipe/13525/rosemary-roasted-turkey
Date and Whisky Cake,http://allrecipes.com/recipe/75838/date-and-whisky-cake
Orange Pikelets,http://allrecipes.com/recipe/246994/orange-pikelets
Australian-Style Pumpkin Scones,http://allrecipes.com/recipe/245041/australian-style-pumpkin-scones
English Trifle to Die For,http://allrecipes.com/recipe/18981/english-trifle-to-die-for
Frozen Lemon Pavlova,http://allrecipes.com/recipe/165687/frozen-lemon-pavlova
Best Apple Crumble,http://allrecipes.com/recipe/86751/best-apple-crumble
White Chocolate Cheesecake with White Chocolate Brandy Sauce,http://allrecipes.com/recipe/7385/white-chocolate-cheesecake-with-white-chocolate-brandy-sauce
Lemon Impossible Pie,http://allrecipes.com/recipe/19840/lemon-impossible-pie
Easy Pavlova,http://allrecipes.com/recipe/12126/easy-pavlova
Skite Cake,http://allrecipes.com/recipe/20952/skite-cake
Date Loaf Cake,http://allrecipes.com/recipe/25568/date-loaf-cake
Chef John's Pavlova with Strawberries,http://allrecipes.com/recipe/221268/chef-johns-pavlova-with-strawberries
Crunchies,http://allrecipes.com/recipe/10957/crunchies
Best Ever New Zealand Pavlova,http://allrecipes.com/recipe/17420/best-ever-new-zealand-pavlova
Mango and Mixed Fruit Cake,http://allrecipes.com/recipe/25601/mango-and-mixed-fruit-cake
Spring Strawberry Spinach Salad,http://allrecipes.com/recipe/16717/spring-strawberry-spinach-salad
New Zealand Pavlova,http://allrecipes.com/recipe/12249/new-zealand-pavlova
Crispy Ginger Biscuits,http://allrecipes.com/recipe/246686/crispy-ginger-biscuits
Dumplings and Cocky's Joy (Caramel Sauce),http://allrecipes.com/recipe/34888/dumplings-and-cockys-joy-caramel-sauce
Samoan Panikeke,http://allrecipes.com/recipe/212389/samoan-panikeke
Dad's New Zealand Mince Stew,http://allrecipes.com/recipe/49560/dads-new-zealand-mince-stew
Fairy Bread,http://allrecipes.com/recipe/80934/fairy-bread
Lamington Bars,http://allrecipes.com/recipe/9955/lamington-bars
Anzac Biscuits with Macadamia Nuts,http://allrecipes.com/recipe/15223/anzac-biscuits-with-macadamia-nuts
Sago Plum Pudding II,http://allrecipes.com/recipe/27160/sago-plum-pudding-ii
